name,datetime,tempmax,tempmin,temp,feelslikemax,feelslikemin,feelslike,dew,humidity,precip,precipprob,precipcover,preciptype,snow,snowdepth,windgust,windspeed,winddir,sealevelpressure,cloudcover,visibility,solarradiation,solarenergy,uvindex,severerisk,sunrise,sunset,moonphase,conditions,description,icon,stations
new york,2022-07-01,33.3,22.3,27.1,35.5,22.3,28.3,19.4,64.4,0,0,0,,0,0,51.5,23.4,245,1017,12.5,15.6,298.1,25.8,9,75,2022-07-01T05:28:43,2022-07-01T20:31:04,0.09,Clear,Clear conditions throughout the day.,clear-day,"72505394728,72055399999,KLGA,KJRB,KNYC,F1417,72503014732"
new york,2022-07-02,31.1,24.3,27.3,33.3,24.3,28.4,20.4,66.9,0.938,100,4.17,rain,0,0,77.8,16.2,254.7,1012.9,36.3,16,199.7,17.1,8,75,2022-07-02T05:29:13,2022-07-02T20:30:55,0.12,"Rain, Partially cloudy",Partly cloudy throughout the day with afternoon rain.,rain,"72505394728,72055399999,KLGA,KJRB,KNYC,F1417,72503014732"
new york,2022-07-03,31,24.3,26.8,30.1,24.3,26.7,15.7,52.4,0,0,0,rain,0,0,29.5,21.5,46.3,1015.9,36.5,16,277.4,23.9,10,10,2022-07-03T05:29:45,2022-07-03T20:30:44,0.16,Partially cloudy,Partly cloudy throughout the day.,partly-cloudy-day,"72505394728,72055399999,KLGA,KJRB,KNYC,F1417,72503014732"
new york,2022-07-04,29.4,19.9,25,28.6,19.9,24.7,11.1,42.2,0.469,100,4.17,rain,0,0,51.7,14,282.4,1020.3,0.8,15.7,328.2,28.2,10,10,2022-07-04T05:30:18,2022-07-04T20:30:31,0.19,Rain,Clear conditions throughout the day with afternoon rain.,rain,"72505394728,72055399999,KLGA,KJRB,KNYC,F1417,72503014732"
new york,2022-07-05,30,21.8,24.6,30,21.8,24.7,16.5,61.6,0.83,100,20.83,rain,0,0,72,20.7,222.7,1016.3,30.8,15.7,202.8,17.4,9,10,2022-07-05T05:30:53,2022-07-05T20:30:16,0.22,"Rain, Partially cloudy",Becoming cloudy in the afternoon with rain.,rain,"72505394728,72055399999,KLGA,KJRB,F8726,KNYC,F1417,72503014732"
new york,2022-07-06,31,23.3,26.6,31.4,23.3,27,19,65.1,0,0,0,,0,0,35.6,22.3,284.1,1010.7,56.4,15.9,240.3,20.7,8,10,2022-07-06T05:31:29,2022-07-06T20:29:59,0.25,Partially cloudy,Partly cloudy throughout the day.,partly-cloudy-day,"72505394728,72055399999,KLGA,KJRB,KNYC,F1417,72503014732"
new york,2022-07-07,27.8,21.7,24.6,28.3,21.7,24.7,17.2,64,0.46,100,8.33,rain,0,0,62.5,20,79.6,1015.6,52.5,15.9,219.3,19,8,10,2022-07-07T05:32:07,2022-07-07T20:29:40,0.29,"Rain, Partially cloudy",Partly cloudy throughout the day with rain.,rain,"72505394728,72055399999,KLGA,KJRB,KNYC,F1417,72503014732"
new york,2022-07-08,28.8,20.6,23.1,30,20.6,23.3,19.1,79.1,2.506,100,12.5,rain,0,0,77.8,19.4,248.6,1015.9,36.9,15.7,193,16.5,9,10,2022-07-08T05:32:45,2022-07-08T20:29:19,0.33,"Rain, Partially cloudy",Partly cloudy throughout the day with afternoon rain.,rain,"72505394728,72055399999,KLGA,KJRB,KNYC,F1417,72503014732"
new york,2022-07-09,29.3,22.8,25.1,29.1,22.8,25.2,16.8,61.5,0.469,100,4.17,rain,0,0,72,21.6,22.3,1016.6,24.7,15.9,323.2,28,10,10,2022-07-09T05:33:25,2022-07-09T20:28:56,0.36,"Rain, Partially cloudy",Becoming cloudy in the afternoon with late afternoon rain.,rain,"72505394728,72055399999,KLGA,KJRB,KNYC,F1417,72503014732"
new york,2022-07-10,28.3,20.5,23.6,28.2,20.5,23.6,14.1,56.2,0,0,0,,0,0,59,20.3,89.7,1018,14,16,335.8,28.8,10,10,2022-07-10T05:34:06,2022-07-10T20:28:31,0.39,Clear,Clear conditions throughout the day.,clear-day,"72505394728,72055399999,KLGA,KJRB,KNYC,F1417,72503014732"
new york,2022-07-11,27.9,19.4,23.4,28.1,19.4,23.4,15.6,63.5,0,0,0,,0,0,57.2,20.2,214,1014.4,2.8,15.8,323.3,27.9,10,10,2022-07-11T05:34:49,2022-07-11T20:28:04,0.43,Clear,Clear conditions throughout the day.,clear-day,"72505394728,72055399999,KLGA,KJRB,KNYC,F1417,72503014732"
new york,2022-07-12,31.7,21.2,26,34.3,21.2,27.1,19,66.8,0,0,0,,0,0,73.8,23.3,236.8,1008.5,23.4,16,245.6,21.3,9,60,2022-07-12T05:35:32,2022-07-12T20:27:35,0.46,Partially cloudy,Partly cloudy throughout the day.,partly-cloudy-day,"72505394728,72055399999,KLGA,KJRB,KNYC,F1417,72503014732"
new york,2022-07-13,32.8,24,27.8,32.8,24,27.9,17.7,56.4,0.154,100,4.17,rain,0,0,79.6,18,259.7,1011.1,7.2,15.9,278.5,24,10,60,2022-07-13T05:36:16,2022-07-13T20:27:04,0.5,Rain,Clear conditions throughout the day with afternoon rain.,rain,"72505394728,72055399999,KLGA,KJRB,KNYC,F1417,72503014732"
new york,2022-07-14,32.1,22.8,27.2,31.9,22.8,27.4,17.9,59,0.23,100,4.17,rain,0,0,60.8,16.1,36.2,1014.4,33.9,16,294.1,25.3,10,60,2022-07-14T05:37:02,2022-07-14T20:26:31,0.53,"Rain, Partially cloudy",Partly cloudy throughout the day with morning rain.,rain,"72505394728,72055399999,KLGA,KJRB,KNYC,F1417,72503014732"
new york,2022-07-15,28.9,23.4,25.8,29,23.4,25.9,16.4,56.9,0,0,0,,0,0,72,17.8,99.2,1020.2,52.4,16,294,25.3,10,10,2022-07-15T05:37:48,2022-07-15T20:25:56,0.56,Partially cloudy,Partly cloudy throughout the day.,partly-cloudy-day,"72505394728,72055399999,KLGA,KJRB,KNYC,F1417,72503014732"
new york,2022-07-16,28.8,22.8,24.8,30.5,22.8,25,20.2,76.5,1.711,100,12.5,rain,0,0,52.9,16.1,104.9,1019.2,53.5,15.8,248.8,21.3,10,60,2022-07-16T05:38:35,2022-07-16T20:25:19,0.6,"Rain, Partially cloudy",Partly cloudy throughout the day with rain in the morning and afternoon.,rain,"72505394728,72055399999,KLGA,KJRB,KNYC,F1417,72503014732"
new york,2022-07-17,29.3,22.2,25.6,31.1,22.2,26.2,20.3,73.4,0.014,100,4.17,rain,0,0,27.7,18,232.9,1016.8,49.5,16,222.8,19.3,10,60,2022-07-17T05:39:24,2022-07-17T20:24:41,0.63,"Rain, Partially cloudy",Partly cloudy throughout the day with early morning rain.,rain,"72505394728,72055399999,KLGA,KJRB,F8726,KNYC,F1417,72503014732"
new york,2022-07-18,29.8,24.2,26.6,33.3,24.2,28.1,22.7,79.4,1.154,100,37.5,rain,0,0,50.8,23.5,208.2,1012.2,70.8,15.3,96.8,8.2,5,75,2022-07-18T05:40:13,2022-07-18T20:24:00,0.66,"Rain, Partially cloudy",Partly cloudy throughout the day with rain.,rain,"72505394728,72055399999,KLGA,KJRB,F8726,KNYC,F1417,72503014732"
new york,2022-07-19,33.8,23.3,28.4,35.3,23.3,29.2,19.4,60.7,0,0,0,,0,0,54.2,18.1,261.8,1008.3,11.6,16,308.9,26.7,10,10,2022-07-19T05:41:02,2022-07-19T20:23:18,0.7,Clear,Clear conditions throughout the day.,clear-day,"72505394728,72055399999,KLGA,KJRB,KNYC,F1417,72503014732"
new york,2022-07-20,33.9,25.7,29.8,37.7,25.7,31.8,20.2,56.7,0.23,100,4.17,rain,0,0,72,16,232.7,1007.8,11.2,15.9,237.3,20.4,9,60,2022-07-20T05:41:53,2022-07-20T20:22:33,0.75,Rain,Clear conditions throughout the day with late afternoon rain.,rain,"72505394728,72055399999,KLGA,KJRB,KNYC,F1417,72503014732"
new york,2022-07-21,34.1,26.2,29.6,39.4,26.2,32.4,21.8,64.5,3.958,100,12.5,rain,0,0,64.5,22.4,258.1,1005.1,14.3,15.6,240.9,20.8,9,100,2022-07-21T05:42:44,2022-07-21T20:21:47,0.76,Rain,Clear conditions throughout the day with rain.,rain,"72505394728,72055399999,KLGA,KJRB,KNYC,F1417,72503014732"
new york,2022-07-22,34.3,26.2,29.8,35.6,26.2,31.1,19,53.8,0.051,100,4.17,rain,0,0,64.8,20.6,253.6,1011,12.4,15.8,268.4,23,10,30,2022-07-22T05:43:36,2022-07-22T20:20:59,0.8,Rain,Clear conditions throughout the day with morning rain.,rain,"72505394728,72055399999,KLGA,KJRB,KNYC,F1417,72503014732"
new york,2022-07-23,35.6,26.1,30,36.4,26.1,31.2,19,53.3,0,0,0,,0,0,25.9,16.4,207.3,1015.6,0.7,15.8,314.2,26.9,10,60,2022-07-23T05:44:29,2022-07-23T20:20:10,0.83,Clear,Clear conditions throughout the day.,clear-day,"72505394728,72055399999,KLGA,KJRB,F8726,KNYC,F1417,72503014732"
new york,2022-07-24,35,26.2,30.7,36.6,26.2,32,19.2,52.1,0.699,100,8.33,rain,0,0,86.5,23.4,244,1015.4,11.7,16,280.9,24.2,9,30,2022-07-24T05:45:22,2022-07-24T20:19:18,0.86,Rain,Clear conditions throughout the day with afternoon rain.,rain,"72505394728,72055399999,KLGA,KJRB,F8726,KNYC,F1417,72503014732"
new york,2022-07-25,29.9,26.6,28.2,33.9,26.6,31.3,22.8,72.9,2.952,100,25,rain,0,0,76,18.2,251.5,1011.8,23.2,15.8,114.3,9.7,4,75,2022-07-25T05:46:16,2022-07-25T20:18:25,0.9,"Rain, Partially cloudy",Becoming cloudy in the afternoon with rain in the morning and afternoon.,rain,"72505394728,72055399999,KLGA,KJRB,KNYC,F1417,72503014732"
new york,2022-07-26,29.2,22.4,25.7,28.6,22.4,25.7,16.2,57.3,1.509,100,8.33,rain,0,0,79.6,23.5,288.9,1015.3,8.8,15.9,186.1,16,5,75,2022-07-26T05:47:10,2022-07-26T20:17:30,0.93,Rain,Clear conditions throughout the day with rain in the morning and afternoon.,rain,"72505394728,72055399999,KLGA,KJRB,KNYC,F1417,72503014732"
new york,2022-07-27,30.5,23.2,25.9,30.5,23.2,26,16.9,58.5,0.934,100,8.33,rain,0,0,74.2,15.7,217.5,1014,7.1,15.7,266.3,22.9,9,10,2022-07-27T05:48:05,2022-07-27T20:16:33,0.96,Rain,Clear conditions throughout the day with rain in the morning and afternoon.,rain,"72505394728,72055399999,KLGA,KJRB,KNYC,F1417,72503014732"
new york,2022-07-28,30,23.4,27,33.7,23.4,28.5,21.6,73.1,3.662,100,8.33,rain,0,0,35.3,15,210.8,1010.2,46.4,15.9,238,20.5,9,60,2022-07-28T05:49:00,2022-07-28T20:15:35,0,"Rain, Partially cloudy",Partly cloudy throughout the day with early morning rain.,rain,"72505394728,72055399999,KLGA,KJRB,F8726,KNYC,F1417,72503014732"
new york,2022-07-29,29.7,23.1,26.7,30.5,23.1,27.1,18.5,62,2.008,100,8.33,rain,0,0,29.5,18.4,269,1012,49.9,15.6,129.2,11.2,4,10,2022-07-29T05:49:56,2022-07-29T20:14:35,0.03,"Rain, Partially cloudy",Partly cloudy throughout the day with late afternoon rain.,rain,"72505394728,KLGA,F8726,KNYC,F1417,72503014732"
new york,2022-07-30,30.3,23.4,26.6,29.3,23.4,26.3,14.5,49.8,0,0,0,rain,0,0,33,22.3,316.6,1016,48,16,311.9,27,10,10,2022-07-30T05:50:52,2022-07-30T20:13:34,0.07,Partially cloudy,Partly cloudy throughout the day.,partly-cloudy-day,"72505394728,KLGA,F8726,KNYC,F1417,72503014732"
new york,2022-07-31,30,21.8,25.7,29.3,21.8,25.6,15.3,53.6,0,0,0,,0,0,31.7,20.5,115.2,1020.5,24.6,16,259.4,22.4,9,10,2022-07-31T05:51:48,2022-07-31T20:12:31,0.1,Partially cloudy,Partly cloudy throughout the day.,partly-cloudy-day,"72505394728,KLGA,F8726,KNYC,F1417,72503014732"
new york,2022-08-01,25.3,20.3,22.1,25.3,20.3,22.1,19.1,83.4,11.675,100,33.33,rain,0,0,31.7,13,319.6,1014.5,84.3,11,52.5,4.6,2,10,2022-08-01T05:52:45,2022-08-01T20:11:27,0.14,"Rain, Partially cloudy",Partly cloudy throughout the day with a chance of rain throughout the day.,rain,"72505394728,KLGA,F8726,KNYC,F1417,72503014732"
new york,2022-08-02,32,22.2,26.9,33.6,22.2,27.6,19,64.1,0,0,0,,0,0,31.3,16.6,245.8,1009.6,39.3,15.9,243.2,21,8,60,2022-08-02T05:53:42,2022-08-02T20:10:21,0.17,Partially cloudy,Partly cloudy throughout the day.,partly-cloudy-day,"72505394728,KLGA,F8726,KNYC,F1417,72503014732"
new york,2022-08-03,32,22.5,26.9,31.1,22.5,26.9,17.3,57.4,0,0,0,,0,0,30.6,22.3,155.2,1014.6,9.7,16,305.9,26.4,10,30,2022-08-03T05:54:40,2022-08-03T20:09:13,0.21,Clear,Clear conditions throughout the day.,clear-day,"72505394728,KLGA,F8726,KNYC,F1417,72503014732"
new york,2022-08-04,33.5,24.8,28.8,36.1,24.8,30.1,19.6,58.3,0,0,0,,0,0,44.6,18.4,209.6,1016.8,20.8,16,292.4,25.1,10,60,2022-08-04T05:55:37,2022-08-04T20:08:04,0.24,Partially cloudy,Clearing in the afternoon.,partly-cloudy-day,"72505394728,KLGA,F8726,KNYC,F1417,72503014732"
new york,2022-08-05,32.1,26.1,28.4,33.9,26.1,29.7,19.4,58.4,0,0,0,,0,0,33.5,16.7,234.3,1019.6,30.5,16,199,17.2,8,60,2022-08-05T05:56:35,2022-08-05T20:06:54,0.25,Partially cloudy,Partly cloudy throughout the day.,partly-cloudy-day,"72505394728,KLGA,F8726,KNYC,F1417,72503014732"
new york,2022-08-06,32.8,25.3,28.8,36,25.3,30.8,20.7,61.9,0,0,0,rain,0,0,33.5,20.6,231.3,1022.2,21.5,15.8,260.6,22.4,9,30,2022-08-06T05:57:33,2022-08-06T20:05:42,0.31,Partially cloudy,Partly cloudy throughout the day.,partly-cloudy-day,"72505394728,72055399999,KLGA,KJRB,F8726,KNYC,F1417,72503014732"
new york,2022-08-07,31.7,26.1,28.6,36.6,26.1,31,22.5,70.7,2.512,100,16.67,rain,0,0,72,26.9,250.2,1020.8,36.6,15.3,205.8,18,7,60,2022-08-07T05:58:31,2022-08-07T20:04:29,0.35,"Rain, Partially cloudy",Partly cloudy throughout the day with afternoon rain.,rain,"72505394728,72055399999,KLGA,KJRB,KNYC,F1417,72503014732"
new york,2022-08-08,33.8,25.7,29.5,38.8,25.7,32.6,22.8,68.5,0.23,100,4.17,rain,0,0,79.6,19.6,241.8,1015.8,37.6,15.9,217.6,18.7,10,60,2022-08-08T05:59:30,2022-08-08T20:03:15,0.38,"Rain, Partially cloudy",Partly cloudy throughout the day with afternoon rain.,rain,"72505394728,72055399999,KLGA,KJRB,KNYC,F1417,72503014732"
new york,2022-08-09,36.1,26.7,30.7,41,29.5,34.7,22.9,64.8,0.28,100,12.5,rain,0,0,77.4,23.7,261.4,1013,30.5,16,223.3,19.2,9,75,2022-08-09T06:00:28,2022-08-09T20:01:59,0.42,"Rain, Partially cloudy",Becoming cloudy in the afternoon with rain.,rain,"72505394728,72055399999,KLGA,KJRB,KNYC,F1417,72503014732"
new york,2022-08-10,30.5,24.9,27.5,33,24.9,28.5,19.5,62.4,0.416,100,8.33,rain,0,0,72.4,20.6,86.4,1016.3,67.4,16,205.2,17.7,9,30,2022-08-10T06:01:27,2022-08-10T20:00:42,0.45,"Rain, Partially cloudy",Partly cloudy throughout the day with afternoon rain.,rain,"72505394728,72055399999,KLGA,KJRB,F8726,KNYC,F1417,72503014732"
new york,2022-08-11,31.8,23,26.6,30.5,23,26.5,17.9,62.8,2.847,100,12.5,rain,0,0,31.7,11.8,341.3,1012.3,51,15.1,245.8,21.2,9,30,2022-08-11T06:02:26,2022-08-11T19:59:24,0.5,"Rain, Partially cloudy",Clearing in the afternoon with morning rain.,rain,"72505394728,72055399999,KLGA,KJRB,F8726,KNYC,F1417,72503014732"
new york,2022-08-12,29.1,21.8,25.5,27.8,21.8,25.1,10.2,40.1,0,0,0,,0,0,42.8,15.5,21.2,1014.9,39.1,16,284.5,24.5,10,10,2022-08-12T06:03:24,2022-08-12T19:58:05,0.52,Partially cloudy,Partly cloudy throughout the day.,partly-cloudy-day,"72505394728,KLGA,KNYC,F1417,72503014732"
new york,2022-08-13,26.1,18.9,22.6,26.1,18.9,22.6,8.7,42,0,0,0,,0,0,36.4,16.1,13,1018.4,25.9,16,258.5,22.4,9,10,2022-08-13T06:04:23,2022-08-13T19:56:44,0.55,Partially cloudy,Partly cloudy throughout the day.,partly-cloudy-day,"72505394728,KLGA,F8726,KNYC,F1417,72503014732"
new york,2022-08-14,27.4,19.5,23.3,26.8,19.5,23.2,10.8,46.2,0,0,0,,0,0,37.1,29.5,187.8,1017.5,13.5,16,237.8,20.6,8,10,2022-08-14T06:05:22,2022-08-14T19:55:23,0.59,Clear,Clear conditions throughout the day.,clear-day,"72505394728,KLGA,KNYC,F1417,72503014732"
new york,2022-08-15,27.9,20.5,23.8,27.4,20.5,23.7,12.5,49.9,0,0,0,,0,0,27.7,18.4,122.4,1015.6,28.1,16,271.8,23.5,8,10,2022-08-15T06:06:21,2022-08-15T19:54:00,0.62,Partially cloudy,Becoming cloudy in the afternoon.,partly-cloudy-day,"72505394728,KLGA,KNYC,F1417,72503014732"
new york,2022-08-16,28.4,19.2,23.3,27.5,19.2,23.2,13.3,55.5,0,0,0,,0,0,35.3,23.3,64.4,1015.9,21.6,16,281.8,24.1,9,10,2022-08-16T06:07:20,2022-08-16T19:52:36,0.65,Partially cloudy,Partly cloudy throughout the day.,partly-cloudy-day,"72505394728,KLGA,F8726,KNYC,F1417,72503014732"
new york,2022-08-17,26.4,18,22.8,26.4,18,22.8,13.4,56.6,8.413,100,8.33,rain,0,0,29.5,19.1,32.3,1015.4,70.6,15.9,128.6,11.3,6,10,2022-08-17T06:08:19,2022-08-17T19:51:12,0.68,"Rain, Partially cloudy",Partly cloudy throughout the day with late afternoon rain.,rain,"72505394728,KLGA,F8726,KNYC,F1417,72503014732"
new york,2022-08-18,29.7,18.4,23.6,28.6,18.4,23.3,13.3,56.1,0,0,0,,0,0,31.7,11.8,297.6,1012.6,32.6,15.9,231.8,20,10,10,2022-08-18T06:09:18,2022-08-18T19:49:46,0.72,Partially cloudy,Becoming cloudy in the afternoon.,partly-cloudy-day,"72505394728,KLGA,F8726,KNYC,F1417,72503014732"
new york,2022-08-19,32.1,21.6,25.9,31.1,21.6,25.7,14.1,49.5,0,0,0,,0,0,42.5,18.4,209.1,1017.1,13.2,16,265.5,22.8,9,10,2022-08-19T06:10:17,2022-08-19T19:48:19,0.75,Clear,Clear conditions throughout the day.,clear-day,"72505394728,KLGA,F8726,KNYC,F1417,72503014732"
new york,2022-08-20,31.8,24.3,27.2,32.1,24.3,27.4,17.1,54.7,0,0,0,,0,0,35.3,19.1,182.3,1020.4,28.3,16,262.3,22.7,9,30,2022-08-20T06:11:16,2022-08-20T19:46:52,0.78,Partially cloudy,Partly cloudy throughout the day.,partly-cloudy-day,"72505394728,KLGA,F8726,KNYC,F1417,72503014732"
new york,2022-08-21,27.4,22.5,24.9,28.5,22.5,25.1,18.8,69.5,0,0,0,,0,0,31.7,18.4,141.9,1019.4,36.9,15.9,170.7,14.7,6,30,2022-08-21T06:12:15,2022-08-21T19:45:23,0.81,Partially cloudy,Partly cloudy throughout the day.,partly-cloudy-day,"72505394728,72055399999,KLGA,KJRB,F8726,KNYC,F1417,72503014732"
new york,2022-08-22,25.8,22.9,24.1,25.8,22.9,24.1,20.8,82,3.409,100,16.67,rain,0,0,31.7,14.1,92.3,1013.1,87.6,15,112.3,9.6,9,60,2022-08-22T06:13:14,2022-08-22T19:43:54,0.85,"Rain, Partially cloudy",Partly cloudy throughout the day with rain.,rain,"72505394728,KLGA,F8726,KNYC,F1417,72503014732"
new york,2022-08-23,29.5,22.4,25.4,30.6,22.4,25.7,19.6,72.7,0.242,100,4.17,rain,0,0,38.9,18.4,281.3,1009.5,59.8,12.1,210.5,18,8,60,2022-08-23T06:14:13,2022-08-23T19:42:23,0.88,"Rain, Partially cloudy",Partly cloudy throughout the day with early morning rain.,rain,"72505394728,KLGA,F8726,KNYC,F1417,72503014732"
new york,2022-08-24,31.8,22.1,26.7,30.7,22.1,26.4,15.3,52.2,0,0,0,,0,0,24.1,20.5,289.6,1013.7,19.2,16,252.3,21.7,9,10,2022-08-24T06:15:12,2022-08-24T19:40:52,0.91,Clear,Clear conditions throughout the day.,clear-day,"72505394728,KLGA,F8726,KNYC,F1417,72503014732"
new york,2022-08-25,32.1,22.8,27.3,30.7,22.8,27,14.5,47.4,0,0,0,,0,0,28.4,13,253.2,1016.4,12.2,16,278.3,24.3,9,10,2022-08-25T06:16:11,2022-08-25T19:39:20,0.95,Clear,Clear conditions throughout the day.,clear-day,"72505394728,KLGA,F8726,KNYC,F1417,72503014732"
new york,2022-08-26,29.8,24.7,26.9,32.4,24.7,27.7,19,62.5,7.788,100,16.67,rain,0,0,40.7,14.1,192.6,1013.3,45.4,14.8,133.4,11.5,7,100,2022-08-26T06:17:10,2022-08-26T19:37:48,0.98,"Rain, Partially cloudy",Partly cloudy throughout the day with rain.,rain,"72505394728,KLGA,F8726,KNYC,F1417,72503014732"
new york,2022-08-27,31.4,23.6,27.1,30.9,23.6,27.3,17.5,57.1,0,0,0,,0,0,25.2,13,45.2,1015.1,44.2,16,224.5,19.3,9,60,2022-08-27T06:18:08,2022-08-27T19:36:15,0,Partially cloudy,Partly cloudy throughout the day.,partly-cloudy-day,"72505394728,KLGA,F8726,KNYC,F1417,72503014732"
new york,2022-08-28,26.9,22.9,24.5,28.2,22.9,24.6,19.3,73.2,0,0,0,rain,0,0,35.3,16.8,74.1,1020.5,81.2,15.7,160.3,13.9,6,60,2022-08-28T06:19:07,2022-08-28T19:34:41,0.05,Partially cloudy,Partly cloudy throughout the day.,partly-cloudy-day,"72505394728,KLGA,F8726,KNYC,F1417,72503014732"
new york,2022-08-29,29.5,23.5,26,31.6,23.5,26.6,20.6,72.5,0,0,0,rain,0,0,42.5,29.5,167,1019.1,56.4,16,238.1,20.7,9,30,2022-08-29T06:20:06,2022-08-29T19:33:06,0.08,Partially cloudy,Partly cloudy throughout the day.,partly-cloudy-day,"72505394728,KLGA,F8726,KNYC,F1417,72503014732"
new york,2022-08-30,30.8,23.1,26.5,33.5,23.1,27.4,20.8,72.1,1.952,100,8.33,rain,0,0,52.6,19.9,187.3,1011.9,43,15.6,259.5,22.3,9,60,2022-08-30T06:21:04,2022-08-30T19:31:31,0.12,"Rain, Partially cloudy",Partly cloudy throughout the day with late afternoon rain.,rain,"72505394728,KLGA,KNYC,F1417,72503014732"
new york,2022-08-31,29.2,21.2,24.8,28.2,21.2,24.7,14.7,58.2,0.586,100,4.17,rain,0,0,38.9,31.7,299.9,1008.8,32.6,15.5,211.9,18.3,8,10,2022-08-31T06:22:03,2022-08-31T19:29:55,0.15,"Rain, Partially cloudy",Becoming cloudy in the afternoon with early morning rain.,rain,"72505394728,KLGA,KNYC,F1417,72503014732"
new york,2022-09-01,29.8,21.1,25.1,28.2,21.1,24.7,9.4,38.8,0,0,0,,0,0,40.7,20.5,300.6,1013.2,3.5,15.8,264,22.7,9,10,2022-09-01T06:23:02,2022-09-01T19:28:18,0.19,Clear,Clear conditions throughout the day.,clear-day,"72505394728,KLGA,KNYC,F1417,72503014732"
new york,2022-09-02,25.8,17.2,21.2,25.8,17.2,21.2,11,52.7,0,0,0,,0,0,31,14.4,52.4,1023.2,10.1,16,266.9,22.8,9,10,2022-09-02T06:24:00,2022-09-02T19:26:41,0.22,Clear,Clear conditions throughout the day.,clear-day,"72505394728,KLGA,F8726,KNYC,F1417,72503014732"
new york,2022-09-03,27,18.8,22.5,27.3,18.8,22.6,15.4,65.2,0,0,0,,0,0,25.9,11.6,103.1,1024.2,28,16,216.6,18.5,8,10,2022-09-03T06:24:59,2022-09-03T19:25:04,0.25,Partially cloudy,Partly cloudy throughout the day.,partly-cloudy-day,"72505394728,KLGA,F8726,KNYC,F1417,72503014732"
new york,2022-09-04,31.7,22.4,25.7,32.4,22.4,26,18.5,65.6,0,0,0,,0,0,20.9,14.8,217.8,1019.6,56,16,178.8,15.5,6,60,2022-09-04T06:25:57,2022-09-04T19:23:26,0.3,Partially cloudy,Partly cloudy throughout the day.,partly-cloudy-day,"72505394728,KLGA,KNYC,F1417,72503014732"
new york,2022-09-05,30.2,23.4,25.5,30.7,23.4,25.9,19.8,71.9,0.393,100,4.17,rain,0,0,35.3,22.3,169.5,1018.1,64.7,15.6,201.2,17.3,8,30,2022-09-05T06:26:55,2022-09-05T19:21:48,0.33,"Rain, Partially cloudy",Partly cloudy throughout the day with late afternoon rain.,rain,"72505394728,KLGA,F8726,KNYC,F1417,72503014732"
new york,2022-09-06,23.4,19.7,21.8,23.4,19.7,21.8,20,89.5,20.025,100,70.83,rain,0,0,40.7,15.9,68.1,1015.9,96.4,9.1,24.3,2,1,10,2022-09-06T06:27:54,2022-09-06T19:20:09,0.37,"Rain, Overcast",Cloudy skies throughout the day with a chance of rain throughout the day.,rain,"72505394728,KLGA,KNYC,F1417,72503014732"
new york,2022-09-07,22.4,18.6,20.4,22.4,18.6,20.4,16.4,78.8,0,0,0,,0,0,43.2,20.6,49.1,1015.4,96.2,14.8,62.6,5.4,3,10,2022-09-07T06:28:52,2022-09-07T19:18:30,0.4,Overcast,Cloudy skies throughout the day.,cloudy,"72505394728,KLGA,F8726,KNYC,F1417,72503014732"
new york,2022-09-08,25.3,18.5,21.4,25.3,18.5,21.4,13.9,63.3,0,0,0,,0,0,33.5,13.7,48.9,1013.2,53.4,16,234.4,20.2,9,10,2022-09-08T06:29:51,2022-09-08T19:16:50,0.44,Partially cloudy,Partly cloudy throughout the day.,partly-cloudy-day,"72505394728,KLGA,KNYC,F1417,72503014732"
new york,2022-09-09,26.2,17.4,21.5,26.2,17.4,21.5,12.4,59.4,0,0,0,,0,0,31.7,15.2,46.5,1017.7,5.8,16,240.9,20.6,8,10,2022-09-09T06:30:49,2022-09-09T19:15:10,0.47,Clear,Clear conditions throughout the day.,clear-day,"72505394728,KLGA,F8726,KNYC,F1417,72503014732"
new york,2022-09-10,29.8,18.8,23.4,28.2,18.8,23.1,12.8,55.3,0,0,0,,0,0,23.8,10,238.8,1022.9,14,16,244.5,21.1,9,10,2022-09-10T06:31:48,2022-09-10T19:13:30,0.5,Clear,Clear conditions throughout the day.,clear-day,"72505394728,KLGA,F8726,KNYC,F1417,72503014732"
new york,2022-09-11,24.2,19.5,22,24.2,19.5,22,17.5,76.7,4.297,100,41.67,rain,0,0,22,11.2,149.4,1019.9,79.8,13.2,58.7,5.1,2,10,2022-09-11T06:32:46,2022-09-11T19:11:50,0.54,"Rain, Partially cloudy",Partly cloudy throughout the day with rain.,rain,"72505394728,KLGA,KNYC,F1417,72503014732"
new york,2022-09-12,27.1,20,23,28.3,20,23.1,19.5,81.9,11.125,100,29.17,rain,0,0,21.2,9.5,58,1010.7,80.6,11.6,183.2,15.9,9,30,2022-09-12T06:33:44,2022-09-12T19:10:09,0.57,"Rain, Partially cloudy",Partly cloudy throughout the day with rain.,rain,"72505394728,KLGA,F8726,KNYC,F1417,72503014732"
new york,2022-09-13,28,21.4,24.1,29.9,21.4,24.4,19,75.5,27.566,100,33.33,rain,0,0,46.4,18.4,262.1,1007.4,77.6,12.9,117.7,10.2,5,60,2022-09-13T06:34:43,2022-09-13T19:08:28,0.6,"Rain, Partially cloudy",Partly cloudy throughout the day with rain clearing later.,rain,"72505394728,KLGA,F8726,KNYC,F1417,72503014732"
new york,2022-09-14,26.3,17.5,22.2,26.3,17.5,22.2,12.4,54.4,0,0,0,,0,0,38.9,15,289.4,1013.4,11.5,16,239.9,20.7,8,10,2022-09-14T06:35:41,2022-09-14T19:06:47,0.64,Clear,Clear conditions throughout the day.,clear-day,"72505394728,KLGA,F8726,KNYC,F1417,72503014732"
new york,2022-09-15,23.6,18,20.8,23.6,18,20.8,8.5,46.8,0,0,0,,0,0,42.5,31.7,331.1,1020,12.5,16,246.1,21.4,9,10,2022-09-15T06:36:40,2022-09-15T19:05:06,0.67,Clear,Clear conditions throughout the day.,clear-day,"72505394728,KLGA,F8726,KNYC,F1417,72503014732"
new york,2022-09-16,24,14.3,19.1,24,14.3,19.1,6.3,45,0,0,0,,0,0,20.5,9.5,345,1021.8,18.2,16,224.7,19.5,8,10,2022-09-16T06:37:39,2022-09-16T19:03:24,0.7,Clear,Clear conditions throughout the day.,clear-day,"72505394728,KLGA,F8726,KNYC,F1417,72503014732"
new york,2022-09-17,23.2,18.4,20.5,23.2,18.4,20.5,12.4,60.4,0,0,0,,0,0,37.1,14.4,72.3,1023.7,52.6,16,204.3,17.6,8,10,2022-09-17T06:38:37,2022-09-17T19:01:43,0.75,Partially cloudy,Partly cloudy throughout the day.,partly-cloudy-day,"72505394728,KLGA,KNYC,F1417,72503014732"
new york,2022-09-18,28.5,20,23.7,28.5,20,23.7,15.4,61.2,0,0,0,,0,0,36,18.4,230.4,1017.8,18.4,16,202.7,17.6,7,10,2022-09-18T06:39:36,2022-09-18T19:00:01,0.77,Clear,Clear conditions throughout the day.,clear-day,"72505394728,KLGA,KNYC,F1417,72503014732"
new york,2022-09-19,29.2,21.1,24.1,29,21.1,24.1,16,62.3,3.118,100,8.33,rain,0,0,51.7,27.7,238.2,1012.6,54.4,15.4,154,13.1,7,10,2022-09-19T06:40:35,2022-09-19T18:58:20,0.8,"Rain, Partially cloudy",Partly cloudy throughout the day with late afternoon rain.,rain,"72505394728,KLGA,KNYC,F1417,72503014732"
new york,2022-09-20,25.5,19.8,22.5,25.5,19.8,22.5,15,63.8,0,0,0,,0,0,47.9,18.7,300.9,1011.7,34.9,16,177.6,15.2,7,30,2022-09-20T06:41:34,2022-09-20T18:56:38,0.83,Partially cloudy,Becoming cloudy in the afternoon.,partly-cloudy-day,"72505394728,KLGA,KNYC,F1417,72503014732"
new york,2022-09-21,26.8,17.5,21.6,26.9,17.5,21.6,14.1,63.3,0,0,0,,0,0,27.7,12.8,234.9,1012.8,12.3,16,223.5,19.3,8,10,2022-09-21T06:42:33,2022-09-21T18:54:57,0.86,Clear,Clear conditions throughout the day.,clear-day,"72505394728,KLGA,KNYC,F1417,72503014732"
new york,2022-09-22,23.6,15.3,20.3,23.6,15.3,20.3,14,68.4,9.968,100,20.83,rain,0,0,53.6,29.7,267.2,1004.2,52.5,14.7,89.1,7.6,5,10,2022-09-22T06:43:32,2022-09-22T18:53:15,0.9,"Rain, Partially cloudy",Partly cloudy throughout the day with rain in the morning and afternoon.,rain,"72505394728,KLGA,KNYC,F1417,72503014732"
new york,2022-09-23,17,10.9,13.7,17,10.9,13.7,2.6,48.5,0,0,0,,0,0,53.6,35.3,310.2,1012.4,4.5,16,232.9,20,8,10,2022-09-23T06:44:32,2022-09-23T18:51:34,0.93,Clear,Clear conditions throughout the day.,clear-day,"72505394728,KLGA,KNYC,F1417,72503014732"
new york,2022-09-24,20.8,9.7,15,20.8,8.3,14.9,3.8,48.3,0,0,0,,0,0,40.7,22.3,292.6,1015,10.2,16,219.9,19,8,10,2022-09-24T06:45:31,2022-09-24T18:49:53,0.96,Clear,Clear conditions throughout the day.,clear-day,"72505394728,KLGA,KNYC,F1417,72503014732"
new york,2022-09-25,22.2,15.3,18.2,22.2,15.3,18.2,11.1,63.9,25.831,100,8.33,rain,0,0,51.8,22.3,208.3,1007.2,67.8,15.1,96.1,8.2,5,10,2022-09-25T06:46:31,2022-09-25T18:48:11,0,"Rain, Partially cloudy",Partly cloudy throughout the day with late afternoon rain.,rain,"72505394728,KLGA,KNYC,F1417,72503014732"
new york,2022-09-26,23.1,14.8,19,23.1,14.8,19,10.9,63,0.134,100,4.17,rain,0,0,44.6,27.7,233.5,1005.3,36.3,16,203.4,17.7,9,10,2022-09-26T06:47:31,2022-09-26T18:46:31,0.03,"Rain, Partially cloudy",Becoming cloudy in the afternoon with early morning rain.,rain,"72505394728,KLGA,KNYC,F1417,72503014732"
new york,2022-09-27,20.2,16.1,18.2,20.2,16.1,18.2,7.4,49.4,0,0,0,,0,0,40.7,15.7,255.7,1010.8,32.7,16,198.5,17.2,8,10,2022-09-27T06:48:31,2022-09-27T18:44:50,0.06,Partially cloudy,Partly cloudy throughout the day.,partly-cloudy-day,"72505394728,KLGA,KNYC,F1417,72503014732"
new york,2022-09-28,20.6,12.4,16.7,20.6,12.4,16.7,7.9,56.7,0,0,0,,0,0,35.3,22.3,299,1018.8,34.8,16,197.1,17,8,10,2022-09-28T06:49:31,2022-09-28T18:43:09,0.1,Partially cloudy,Becoming cloudy in the afternoon.,partly-cloudy-day,"72505394728,KLGA,KNYC,F1417,72503014732"
new york,2022-09-29,18.9,12.5,15.7,18.9,12.5,15.7,6.8,56.1,0,0,0,,0,0,40.7,27.7,24,1026.8,20.2,16,208.6,17.8,8,10,2022-09-29T06:50:31,2022-09-29T18:41:29,0.13,Partially cloudy,Partly cloudy throughout the day.,partly-cloudy-day,"72505394728,KLGA,F8726,KNYC,F1417,72503014732"
new york,2022-09-30,16.4,11.7,14.4,16.4,11.7,14.4,6.5,59.1,0,0,0,,0,0,32.8,19.4,54.2,1025.3,35.5,16,118,10.1,5,10,2022-09-30T06:51:32,2022-09-30T18:39:49,0.17,Partially cloudy,Clearing in the afternoon.,partly-cloudy-day,"72505394728,KLGA,KNYC,F1417,72503014732"
new york,2022-10-01,16.3,10.9,14.1,16.3,10.9,14.1,11.4,84.1,12.931,100,58.33,rain,0,0,51.8,28.4,47.1,1017,96.3,13.3,41.1,3.6,2,10,2022-10-01T06:52:33,2022-10-01T18:38:09,0.21,"Rain, Overcast",Cloudy skies throughout the day with a chance of rain throughout the day.,rain,"72505394728,KLGA,F8726,KNYC,F1417,72503014732"
new york,2022-10-02,15.9,11.4,14.3,15.9,11.4,14.3,6.2,59.1,0.431,100,16.67,rain,0,0,55.2,29.6,49,1018.1,99.3,15.6,29.8,2.6,1,10,2022-10-02T06:53:34,2022-10-02T18:36:30,0.25,"Rain, Overcast",Cloudy skies throughout the day with afternoon rain.,rain,"72505394728,KLGA,F8726,KNYC,F1417,72503014732"
new york,2022-10-03,11.4,9.2,10.4,11.4,6.6,9.5,4.1,66,10.527,100,41.67,rain,0,0,52.9,32.2,44.8,1022.5,97.6,15.1,25.6,2.3,1,10,2022-10-03T06:54:35,2022-10-03T18:34:51,0.28,"Rain, Overcast",Cloudy skies throughout the day with rain.,rain,"72505394728,KLGA,F8726,KNYC,F1417,72503014732"
new york,2022-10-04,13.3,7.9,10.6,13.3,4.6,9.4,8.8,88.9,43.738,100,70.83,rain,0,0,52.9,24.2,33.9,1015.5,100,10.8,21.3,1.9,1,10,2022-10-04T06:55:37,2022-10-04T18:33:12,0.31,"Rain, Overcast",Cloudy skies throughout the day with a chance of rain throughout the day.,rain,"D9152,72505394728,KLGA,F8726,KNYC,F1417,72503014732"
new york,2022-10-05,15,12.4,13.7,15,12.4,13.7,11.9,89.4,12.238,100,45.83,rain,0,0,50.8,17.6,13.3,1012.7,91.7,12.5,58,4.9,3,10,2022-10-05T06:56:38,2022-10-05T18:31:34,0.35,"Rain, Overcast",Cloudy skies throughout the day with rain.,rain,"72505394728,KLGA,KNYC,F1417,72503014732"
new york,2022-10-06,23.1,12.4,17.5,23.1,12.4,17.5,9,60.1,0,0,0,rain,0,0,23.4,11.3,317.1,1014.2,22.8,16,204.5,17.7,7,10,2022-10-06T06:57:40,2022-10-06T18:29:57,0.39,Partially cloudy,Partly cloudy throughout the day.,partly-cloudy-day,"72505394728,KLGA,KNYC,F1417,72503014732"
new york,2022-10-07,24.7,15.8,19.5,24.7,15.8,19.5,10.3,56.5,0,0,0,,0,0,33.5,17.4,282.2,1014.3,33.4,16,196.6,16.8,7,10,2022-10-07T06:58:43,2022-10-07T18:28:19,0.42,Partially cloudy,Partly cloudy throughout the day.,partly-cloudy-day,"72505394728,KLGA,KNYC,F1417,72503014732"
new york,2022-10-08,15.6,9.3,12.2,15.6,8.8,12.2,2.8,53.3,0.72,100,8.33,rain,0,0,41,25.9,314.2,1020.2,47.7,16,192.9,16.6,8,10,2022-10-08T06:59:45,2022-10-08T18:26:43,0.46,"Rain, Partially cloudy",Partly cloudy throughout the day with early morning rain.,rain,"72505394728,KLGA,KNYC,F1417,72503014732"
new york,2022-10-09,16.4,7.5,12.1,16.4,6.2,11.9,2.2,52,0,0,0,,0,0,38.9,22.3,268.1,1020.6,9.4,16,200.8,17.4,7,10,2022-10-09T07:00:48,2022-10-09T18:25:07,0.5,Clear,Clear conditions throughout the day.,clear-day,"72505394728,KLGA,KNYC,F1417,72503014732"
new york,2022-10-10,19.7,11.8,15.5,19.7,11.8,15.5,3.4,45,0,0,0,,0,0,37.1,20.5,250,1022,35.1,16,182.3,15.7,7,10,2022-10-10T07:01:52,2022-10-10T18:23:32,0.53,Partially cloudy,Partly cloudy throughout the day.,partly-cloudy-day,"72505394728,KLGA,F8726,KNYC,F1417,72503014732"
new york,2022-10-11,21.1,11.1,16,21.1,11.1,16,7.1,56.5,0,0,0,,0,0,22.7,11.6,269.7,1025.3,0.6,16,139.1,12,6,10,2022-10-11T07:02:55,2022-10-11T18:21:57,0.56,Clear,Clear conditions throughout the day.,clear-day,"72505394728,KLGA,F8726,KNYC,72503014732"
new york,2022-10-12,20.8,14.5,17.2,20.8,14.5,17.2,7.8,54.4,0,0,0,,0,0,40.7,31.7,191.4,1022.4,14.4,16,136.7,11.7,6,10,2022-10-12T07:03:59,2022-10-12T18:20:23,0.59,Clear,Clear conditions throughout the day.,clear-day,"72505394728,KLGA,F8726,KNYC,72503014732"
new york,2022-10-13,20.3,13.2,18.5,20.3,13.2,18.5,15.3,82.2,12.922,100,29.17,rain,0,0,47.9,25.9,163.4,1011.8,87,13.7,49.4,4.2,2,10,2022-10-13T07:05:03,2022-10-13T18:18:49,0.62,"Rain, Partially cloudy",Partly cloudy throughout the day with rain.,rain,"72505394728,KLGA,F8726,KNYC,72503014732"
new york,2022-10-14,19.2,11.7,14.8,19.2,11.7,14.8,7.6,66.4,8.555,100,25,rain,0,0,46.4,14.4,326.8,1011.8,46.3,14.5,127.5,11.1,6,10,2022-10-14T07:06:08,2022-10-14T18:17:17,0.65,"Rain, Partially cloudy",Partly cloudy throughout the day with early morning rain.,rain,"72505394728,KLGA,F8726,KNYC,72503014732"
new york,2022-10-15,20.2,10.8,15.4,20.2,10.8,15.4,7.6,61.4,0,0,0,,0,0,42.5,18.4,184.2,1015.9,6.7,16,135,11.6,5,10,2022-10-15T07:07:12,2022-10-15T18:15:45,0.69,Clear,Clear conditions throughout the day.,clear-day,"72505394728,KLGA,F8726,KNYC,72503014732"
new york,2022-10-16,18.1,12,15.3,18.1,12,15.3,6.7,58.2,0,0,0,,0,0,20.5,9.8,304.3,1013.7,21.1,16,102.5,8.9,5,10,2022-10-16T07:08:18,2022-10-16T18:14:14,0.72,Partially cloudy,Becoming cloudy in the afternoon.,partly-cloudy-day,"72505394728,KLGA,F8726,KNYC,72503014732"
new york,2022-10-17,18.7,13.1,15.6,18.7,13.1,15.6,10.1,71.2,3.523,100,25,rain,0,0,35.3,22.3,215.6,1005.7,87.5,15,92.2,8.1,4,10,2022-10-17T07:09:23,2022-10-17T18:12:44,0.75,"Rain, Partially cloudy",Partly cloudy throughout the day with rain.,rain,"72505394728,KLGA,F8726,KNYC,72503014732"
new york,2022-10-18,13.6,8.8,11.2,13.6,6.6,10.6,0.7,49.5,0,0,0,,0,0,35.3,16.3,287.4,1004.2,57,15.8,107.2,9.4,5,10,2022-10-18T07:10:29,2022-10-18T18:11:14,0.78,Partially cloudy,Partly cloudy throughout the day.,partly-cloudy-day,"72505394728,KLGA,F8726,KNYC,72503014732"
new york,2022-10-19,11.8,6.1,9.2,11.8,3.3,8.2,-0.6,51.2,0,0,0,,0,0,43.2,18.4,246.8,1009.9,21,16,97.8,8.5,4,10,2022-10-19T07:11:35,2022-10-19T18:09:46,0.81,Partially cloudy,Becoming cloudy in the afternoon.,partly-cloudy-day,"72505394728,KLGA,F8726,KNYC,72503014732"
new york,2022-10-20,14.2,6.8,10.8,14.2,4.5,9.7,-0.2,48.2,0,0,0,,0,0,46.8,16.6,229.4,1014.7,6.2,16,124.3,10.6,5,10,2022-10-20T07:12:41,2022-10-20T18:08:19,0.85,Clear,Clear conditions throughout the day.,clear-day,"72505394728,KLGA,F8726,KNYC,72503014732"
new york,2022-10-21,16.8,8.4,12.6,16.8,8.4,12.6,1.4,48.8,0,0,0,,0,0,23.8,11.2,211.9,1019.5,3.6,16,120.4,10.4,5,10,2022-10-21T07:13:48,2022-10-21T18:06:52,0.88,Clear,Clear conditions throughout the day.,clear-day,"72505394728,KLGA,F8726,KNYC,72503014732"
new york,2022-10-22,18.5,10,14.2,18.5,10,14.2,4.8,54.9,0,0,0,,0,0,15.1,10,187.9,1024.2,8.1,16,118,10.1,5,10,2022-10-22T07:14:55,2022-10-22T18:05:27,0.91,Clear,Clear conditions throughout the day.,clear-day,"72505394728,KLGA,F8726,KNYC,72503014732"
new york,2022-10-23,16.3,13,14.4,16.3,13,14.4,8.1,66.4,0.44,100,8.33,rain,0,0,42.5,22.4,50.2,1024.7,87.4,15.9,34.6,2.9,2,10,2022-10-23T07:16:03,2022-10-23T18:04:02,0.94,"Rain, Partially cloudy",Partly cloudy throughout the day with rain.,rain,"72505394728,KLGA,F8726,KNYC,72503014732"
new york,2022-10-24,16.1,12.9,14.3,16.1,12.9,14.3,12.5,89.5,8.126,100,37.5,rain,0,0,37.1,21.6,53.8,1021.5,100,8.6,32,2.8,2,10,2022-10-24T07:17:11,2022-10-24T18:02:39,0.97,"Rain, Overcast",Cloudy skies throughout the day with rain.,rain,"D9152,72505394728,KLGA,F8726,KNYC,72503014732"
new york,2022-10-25,20.4,16.1,18,20.4,16.1,18,16.8,93,3.37,100,8.33,rain,0,0,24.5,13.1,53.8,1018.3,93.2,4.9,55.7,4.8,3,10,2022-10-25T07:18:19,2022-10-25T18:01:17,0,"Rain, Overcast",Cloudy skies throughout the day with early morning rain.,rain,"D9152,72505394728,KLGA,KNYC,72503014732"
new york,2022-10-26,22.4,17,18.9,22.4,17,18.9,16.5,86,0.08,100,4.17,rain,0,0,29.5,14.8,237.7,1010.2,89.3,9.1,66.5,5.8,4,10,2022-10-26T07:19:27,2022-10-26T17:59:56,0.04,"Rain, Partially cloudy",Partly cloudy throughout the day with early morning rain.,rain,"D9152,72505394728,KLGA,KNYC,72503014732"
new york,2022-10-27,18.4,12.2,15.6,18.4,12.2,15.6,5.5,53.4,0,0,0,,0,0,38.9,22,346.6,1018.5,2.7,16,159.2,13.8,6,10,2022-10-27T07:20:36,2022-10-27T17:58:36,0.08,Clear,Clear conditions throughout the day.,clear-day,"D9152,72505394728,KLGA,KNYC,72503014732"
new york,2022-10-28,13.5,7.4,10.5,13.5,4.6,9.8,0.9,51.7,0,0,0,,0,0,42.5,20,39,1032.1,16.4,16,126.5,10.9,5,10,2022-10-28T07:21:45,2022-10-28T17:57:18,0.11,Clear,Clear conditions throughout the day.,clear-day,"D9152,72505394728,KLGA,KNYC,72503014732"
new york,2022-10-29,14.2,6.4,10.5,14.2,5,9.8,2.7,59.4,0,0,0,,0,0,24.1,13.4,36.5,1030.9,9.6,16,159,13.6,6,10,2022-10-29T07:22:54,2022-10-29T17:56:00,0.15,Clear,Clear conditions throughout the day.,clear-day,"D9152,72505394728,KLGA,KNYC,72503014732"
new york,2022-10-30,17,7.1,11.9,17,7.1,11.9,2.9,57.2,0,0,0,,0,0,13.3,8,21.6,1023.9,13.2,16,151.9,13.1,6,10,2022-10-30T07:24:04,2022-10-30T17:54:44,0.19,Clear,Clear conditions throughout the day.,clear-day,"D9152,72505394728,KLGA,KNYC,72503014732"
new york,2022-10-31,18,11.3,14.6,18,11.3,14.6,9.9,74,0.27,100,4.17,rain,0,0,21.6,18.4,219.7,1017.8,61.8,15.6,104.4,9.2,4,10,2022-10-31T07:25:13,2022-10-31T17:53:30,0.22,"Rain, Partially cloudy",Partly cloudy throughout the day with late afternoon rain.,rain,"D9152,72505394728,KLGA,KNYC,72503014732"
new york,2022-11-01,19.4,15,16.9,19.4,15,16.9,13.7,82.1,4.043,100,20.83,rain,0,0,25.2,13.3,277.1,1016.2,77.6,11.7,70.6,6,4,10,2022-11-01T07:26:23,2022-11-01T17:52:17,0.25,"Rain, Partially cloudy",Partly cloudy throughout the day with early morning rain.,rain,"D9152,72505394728,KLGA,KNYC,72503014732"
new york,2022-11-02,20.9,13.5,16.7,20.9,13.5,16.7,8.3,59.5,0,0,0,,0,0,36,15.5,1.3,1024.4,7.7,16,147.9,12.7,6,10,2022-11-02T07:27:34,2022-11-02T17:51:05,0.29,Clear,Clear conditions throughout the day.,clear-day,"D9152,72505394728,KLGA,KNYC,72503014732"
new york,2022-11-03,19.4,11.4,14.9,19.4,11.4,14.9,7.7,63.9,0,0,0,,0,0,15.8,9.5,129,1028.4,5.3,15.9,145.6,12.6,6,10,2022-11-03T07:28:44,2022-11-03T17:49:54,0.33,Clear,Clear conditions throughout the day.,clear-day,"D9152,72505394728,KLGA,KNYC,F1417,72503014732"
new york,2022-11-04,21.3,11.6,15.9,21.3,11.6,15.9,12.2,79.4,0,0,0,rain,0,0,27,13.7,115.6,1027.3,25.9,13,136,11.9,6,10,2022-11-04T07:29:55,2022-11-04T17:48:46,0.36,Partially cloudy,Clearing in the afternoon.,partly-cloudy-day,"72505394728,KLGA,KNYC,F1417,72503014732"
new york,2022-11-05,23.9,18,20.1,23.9,18,20.1,15.4,74.9,0,0,0,rain,0,0,45,16.4,179.4,1023.5,60,16,112.3,9.7,5,10,2022-11-05T07:31:06,2022-11-05T17:47:38,0.4,Partially cloudy,Partly cloudy throughout the day.,partly-cloudy-day,"72505394728,KLGA,KNYC,F1417,72503014732"
new york,2022-11-06,23.2,18.7,20.7,23.2,18.7,20.7,16.3,76.1,0.08,100,4.17,rain,0,0,40,14.8,173.1,1022.4,74.3,16,56.6,5.1,3,10,2022-11-06T06:32:17,2022-11-06T16:46:33,0.44,"Rain, Partially cloudy",Partly cloudy throughout the day with afternoon rain.,rain,"72505394728,KLGA,KNYC,F1417,72503014732"
new york,2022-11-07,24.5,14,21.2,24.5,14,21.2,7.9,49.4,0.134,100,4.17,rain,0,0,44.6,17.4,280,1022.1,30,16,139.9,12.2,6,10,2022-11-07T06:33:28,2022-11-07T16:45:28,0.47,"Rain, Partially cloudy",Clearing in the afternoon with morning rain.,rain,"72505394728,KLGA,KNYC,F1417,72503014732"
new york,2022-11-08,14,8.6,11.2,14,6.2,10.7,-4.1,35.2,0,0,0,,0,0,48.4,19.8,8.4,1033.2,8.7,16,141,12.2,6,10,2022-11-08T06:34:39,2022-11-08T16:44:26,0.5,Clear,Clear conditions throughout the day.,clear-day,"72505394728,KLGA,KNYC,F1417,72503014732"
new york,2022-11-09,11.7,4.5,8.4,11.7,1.8,7.1,-1.9,49.3,0,0,0,,0,0,33.5,21.8,37.8,1036.3,6.2,16,136.7,11.6,6,10,2022-11-09T06:35:50,2022-11-09T16:43:25,0.54,Clear,Clear conditions throughout the day.,clear-day,"72505394728,KLGA,KNYC,F1417,72503014732"
new york,2022-11-10,19,9,13.6,19,8.3,13.5,7.5,67,0,0,0,,0,0,26.3,12.1,239,1027.7,9.2,16,130.4,11.3,5,10,2022-11-10T06:37:01,2022-11-10T16:42:26,0.57,Clear,Clear conditions throughout the day.,clear-day,"72505394728,KLGA,KNYC,F1417,72503014732"
new york,2022-11-11,20,14.8,17.5,20,14.8,17.5,15.3,87,22.652,100,41.67,rain,0,0,60.8,22.3,138.5,1014.5,96.1,11.4,28.5,2.5,2,10,2022-11-11T06:38:12,2022-11-11T16:41:29,0.6,"Rain, Overcast",Cloudy skies throughout the day with rain.,rain,"72505394728,KLGA,F8726,KNYC,F1417,72503014732"
new york,2022-11-12,20.2,16.3,19.1,20.2,16.3,19.1,13.2,70.3,1.862,100,16.67,rain,0,0,58,21.1,258,1002.6,75.3,14.7,105.4,9,6,10,2022-11-12T06:39:23,2022-11-12T16:40:33,0.64,"Rain, Partially cloudy",Partly cloudy throughout the day with rain clearing later.,rain,"72505394728,KLGA,KNYC,F1417,72503014732"
new york,2022-11-13,15.9,5.9,10.4,15.9,3.4,9.4,3.6,64,0.862,100,12.5,rain,0,0,51.3,29.5,317.6,1011.9,79.2,15.9,69.4,6,5,10,2022-11-13T06:40:34,2022-11-13T16:39:39,0.67,"Rain, Partially cloudy",Partly cloudy throughout the day with morning rain.,rain,"72505394728,KLGA,KNYC,F1417,72503014732"
new york,2022-11-14,7,3.5,5,5,-2.3,2.1,-4.8,49.5,0,0,0,,0,0,47.9,37.1,311.3,1025.8,12.1,16,129.2,11,6,10,2022-11-14T06:41:45,2022-11-14T16:38:47,0.7,Clear,Clear conditions throughout the day.,clear-day,"72505394728,KLGA,KNYC,F1417,72503014732"
new york,2022-11-15,7.9,2.4,4.7,5.5,-0.4,2.1,-2.7,59.5,10.346,100,20.83,rain,0,0,46.8,23.4,45,1028.6,69.3,14.8,50.3,4.3,3,10,2022-11-15T06:42:56,2022-11-15T16:37:57,0.73,"Rain, Partially cloudy",Partly cloudy throughout the day with late afternoon rain.,rain,"72505394728,KLGA,KNYC,F1417,72503014732"
new york,2022-11-16,10,4.5,7,7.6,0.5,4,2.3,73.7,9.6,100,37.5,rain,0,0,55.1,25.4,314.5,1013.2,85.3,12.4,91.5,7.9,5,10,2022-11-16T06:44:07,2022-11-16T16:37:09,0.75,"Rain, Partially cloudy",Partly cloudy throughout the day with rain clearing later.,rain,"72505394728,KLGA,KNYC,F1417,72503014732"
new york,2022-11-17,7.5,3.5,4.8,4.5,-0.5,1.5,-4.4,51.9,0,0,0,,0,0,43.9,21.9,264.8,1014,61.5,16,114.1,9.8,6,10,2022-11-17T06:45:17,2022-11-17T16:36:23,0.8,Partially cloudy,Partly cloudy throughout the day.,partly-cloudy-day,"72505394728,KLGA,KNYC,F1417,72503014732"
new york,2022-11-18,6.3,1.6,3.9,3.9,-2.9,0.6,-6.3,48.6,0,0,0,,0,0,50.8,29.5,256.4,1019,27.9,16,114.2,9.8,5,10,2022-11-18T06:46:27,2022-11-18T16:35:39,0.83,Partially cloudy,Becoming cloudy in the afternoon.,partly-cloudy-day,"72505394728,KLGA,KNYC,F1417,72503014732"
new york,2022-11-19,4.4,0.2,2.3,3.7,-4.1,-0.8,-8.7,44.3,0,0,0,,0,0,47.9,18.7,257.6,1021.3,6.3,16,116.4,10,5,10,2022-11-19T06:47:37,2022-11-19T16:34:56,0.86,Clear,Clear conditions throughout the day.,clear-day,"72505394728,KLGA,KNYC,F1417,72503014732"
new york,2022-11-20,3.7,-1,1.4,1.3,-5.8,-3.1,-12.1,36.5,0,0,0,,0,0,50.5,29.4,280.2,1019.9,18.8,16,121.3,10.5,5,10,2022-11-20T06:48:46,2022-11-20T16:34:16,0.9,Clear,Clear conditions throughout the day.,clear-day,"72505394728,KLGA,KNYC,F1417,72503014732"
new york,2022-11-21,5,-2.4,1.6,2,-6.2,-1.9,-11.2,39.1,0,0,0,,0,0,46.4,24.1,232.2,1028.4,6,15.9,113.5,9.8,5,10,2022-11-21T06:49:55,2022-11-21T16:33:38,0.93,Clear,Clear conditions throughout the day.,clear-day,"72505394728,KLGA,KNYC,F1417,72503014732"
new york,2022-11-22,10.7,3.4,6.9,10.7,0.1,4.9,-5.8,40.9,0,0,0,,0,0,37.1,18.1,248.7,1025.6,5.7,16,115.4,9.9,5,10,2022-11-22T06:51:03,2022-11-22T16:33:02,0.96,Clear,Clear conditions throughout the day.,clear-day,"72505394728,KLGA,KNYC,F1417,72503014732"
new york,2022-11-23,12.9,6.4,9.1,12.9,4.5,8.3,-4.9,37.1,0,0,0,,0,0,33.5,16.3,317.3,1023.2,0.9,16,112.7,9.7,5,10,2022-11-23T06:52:11,2022-11-23T16:32:28,0,Clear,Clear conditions throughout the day.,clear-day,"72505394728,KLGA,KNYC,F1417,72503014732"
new york,2022-11-24,11.7,4.5,8.2,11.7,2.6,7.2,0.4,58.4,0,0,0,,0,0,29.5,10.8,104.7,1027.2,10.8,16,107.5,9.2,5,10,2022-11-24T06:53:19,2022-11-24T16:31:56,0.03,Clear,Clear conditions throughout the day.,clear-day,"72505394728,KLGA,KNYC,F1417,72503014732"
new york,2022-11-25,12.9,8.3,9.9,12.9,4.7,8.3,3.5,65.7,0.44,100,8.33,rain,0,0,48.8,26.3,265.4,1013.4,67.5,14.5,31,2.6,2,10,2022-11-25T06:54:26,2022-11-25T16:31:26,0.06,"Rain, Partially cloudy",Partly cloudy throughout the day with morning rain.,rain,"72505394728,KLGA,F8726,KNYC,F1417,72503014732"
new york,2022-11-26,13.5,6.3,9.6,13.5,3.2,8.2,-3.4,40.4,0,0,0,,0,0,51.8,22.5,291.5,1015.5,26.8,16,114.8,9.8,5,10,2022-11-26T06:55:32,2022-11-26T16:30:59,0.1,Partially cloudy,Partly cloudy throughout the day.,partly-cloudy-day,"72505394728,KLGA,KNYC,F1417,72503014732"
new york,2022-11-27,15.2,9.4,11.4,15.2,7.9,11.1,4,63.8,17.18,100,29.17,rain,0,0,50,35.3,222.1,1006,54.4,13.2,19.8,1.5,1,10,2022-11-27T06:56:37,2022-11-27T16:30:33,0.13,"Rain, Partially cloudy",Partly cloudy throughout the day with rain.,rain,"72505394728,KLGA,F8726,KNYC,F1417,72503014732"
new york,2022-11-28,13,5.8,10.2,13,3.4,9.3,3.1,61.8,0,0,0,,0,0,53.5,24.2,292.7,1006,32.8,16,72,6,4,10,2022-11-28T06:57:42,2022-11-28T16:30:10,0.17,Partially cloudy,Partly cloudy throughout the day.,partly-cloudy-day,"72505394728,KLGA,KNYC,F1417,72503014732"
new york,2022-11-29,6.2,2.5,4.6,6,0.7,3.4,-2.5,60,0,0,0,,0,0,25.9,13,17.6,1024,49.2,16,48.8,4,2,10,2022-11-29T06:58:45,2022-11-29T16:29:49,0.2,Partially cloudy,Partly cloudy throughout the day.,partly-cloudy-day,"72505394728,KLGA,KNYC,F1417,72503014732"
new york,2022-11-30,14.4,4.8,9.5,14.4,1.9,8.7,4.8,73.7,10.084,100,29.17,rain,0,0,71.2,42.5,213.8,1013.6,81.6,13.7,7.5,0.7,0,10,2022-11-30T06:59:48,2022-11-30T16:29:31,0.25,"Rain, Partially cloudy",Partly cloudy throughout the day with rain.,rain,"72505394728,KLGA,F8726,KNYC,F1417,72503014732"
new york,2022-12-01,5.9,2.4,4.1,2.2,-2.9,0.2,-7.6,42.6,0,0,0,,0,0,53.6,40.7,286.2,1022.9,29.7,15.8,78.5,6.6,4,10,2022-12-01T07:00:50,2022-12-01T16:29:14,0.27,Partially cloudy,Partly cloudy throughout the day.,partly-cloudy-day,"72505394728,KLGA,KNYC,F1417,72503014732"
new york,2022-12-02,7.5,0.3,3.8,6.1,-2.5,2.1,-5.4,51.2,0,0,0,,0,0,35.3,14.6,235.5,1032.4,10.3,16,104.9,9,5,10,2022-12-02T07:01:51,2022-12-02T16:29:00,0.31,Clear,Clear conditions throughout the day.,clear-day,"72505394728,KLGA,KNYC,F1417,72503014732"
new york,2022-12-03,14.4,8,11.5,14.4,5.6,11.1,6.9,74,11.882,100,33.33,rain,0,0,51.5,26.7,227.4,1020,78.3,13.8,7.5,0.7,0,10,2022-12-03T07:02:51,2022-12-03T16:28:48,0.34,"Rain, Partially cloudy",Partly cloudy throughout the day with rain.,rain,"72505394728,KLGA,F8726,KNYC,F1417,72503014732"
new york,2022-12-04,7.4,4,5.5,7.2,0.1,3.1,-5.9,43.8,0,0,0,,0,0,50,25.9,307,1021.9,14.2,16,105.3,9,5,10,2022-12-04T07:03:49,2022-12-04T16:28:39,0.38,Clear,Clear conditions throughout the day.,clear-day,"72505394728,KLGA,KNYC,F1417,72503014732"
new york,2022-12-05,8.7,2.4,5.4,7.9,0.8,4.3,-5,49,0,0,0,,0,0,17.6,13.3,184.6,1024.6,11.3,16,94.3,8.2,5,10,2022-12-05T07:04:47,2022-12-05T16:28:31,0.41,Clear,Clear conditions throughout the day.,clear-day,"72505394728,KLGA,KNYC,F1417,72503014732"
new york,2022-12-06,14.2,5.5,10.7,14.2,3.7,10.3,7.9,82.9,18.496,100,45.83,rain,0,0,47.9,25.9,128.9,1025.6,88.7,10.9,14.8,1.2,1,10,2022-12-06T07:05:43,2022-12-06T16:28:26,0.45,"Rain, Partially cloudy",Partly cloudy throughout the day with rain.,rain,"72505394728,KLGA,F8726,KNYC,F1417,72503014732"
new york,2022-12-07,14.7,13,13.9,14.7,13,13.9,12.6,91.8,11.217,100,37.5,rain,0,0,46,18.7,208.9,1020.8,94.2,7.7,15.5,1.3,1,10,2022-12-07T07:06:38,2022-12-07T16:28:24,0.5,"Rain, Overcast",Cloudy skies throughout the day with a chance of rain throughout the day.,rain,"72505394728,KLGA,F8726,KNYC,F1417,72503014732"
new york,2022-12-08,12.5,6.3,10.2,12.5,4,9.4,3.3,63.1,0,0,0,,0,0,37.1,25.9,328,1022.4,24.6,16,61.9,5.4,3,10,2022-12-08T07:07:32,2022-12-08T16:28:23,0.52,Partially cloudy,Partly cloudy throughout the day.,partly-cloudy-day,"72505394728,KLGA,KNYC,F1417,72503014732"
new york,2022-12-09,7.2,2.2,4.2,5,-1.9,1.3,-5.2,51.4,0,0,0,,0,0,35.3,18.9,11.3,1025.1,2.7,16,101.7,8.8,5,10,2022-12-09T07:08:24,2022-12-09T16:28:25,0.55,Clear,Clear conditions throughout the day.,clear-day,"72505394728,KLGA,KNYC,F1417,72503014732"
new york,2022-12-10,3.9,-0.2,2.3,1.7,-4.7,-1.1,-6,55,0,0,0,,0,0,33.5,18.7,51.2,1027.9,39.9,16,85.6,7.4,5,10,2022-12-10T07:09:15,2022-12-10T16:28:30,0.58,Partially cloudy,Becoming cloudy in the afternoon.,partly-cloudy-day,"72505394728,KLGA,KNYC,F1417,72503014732"
new york,2022-12-11,4.4,0.8,3,1.2,-3.1,-0.7,-0.3,79.4,7.368,100,37.5,"rain,snow",0.1,0,33.5,22.2,55.9,1023,99.8,12.7,11.8,1,1,10,2022-12-11T07:10:04,2022-12-11T16:28:36,0.62,"Snow, Rain, Overcast",Cloudy skies throughout the day with rain or snow.,snow,"72505394728,KLGA,F8726,KNYC,F1417,72503014732"
new york,2022-12-12,3.4,-1.4,0.9,0.2,-5.3,-2.8,-3.2,75,0.52,100,8.33,snow,1.3,0.1,37.1,16.9,5.6,1021.3,70.3,14.4,62.3,5.4,4,10,2022-12-12T07:10:52,2022-12-12T16:28:45,0.65,"Snow, Partially cloudy",Partly cloudy throughout the day with early morning snow.,snow,"72505394728,KLGA,F8726,KNYC,F1417,72503014732"
new york,2022-12-13,4.5,-3.6,-0.1,4.5,-7.5,-3,-7.8,57.3,0,0,0,,0,0,31.7,18.4,323.8,1024.3,3,16,101.6,8.8,5,10,2022-12-13T07:11:38,2022-12-13T16:28:56,0.68,Clear,Clear conditions throughout the day.,clear-day,"72505394728,KLGA,F8726,KNYC,F1417,72503014732"
new york,2022-12-14,3.6,-0.5,1.2,1.7,-5.4,-2.7,-8,50.9,0,0,0,,0,0,38.9,24.1,326.2,1020.6,14,16,97,8.3,5,10,2022-12-14T07:12:22,2022-12-14T16:29:10,0.71,Clear,Clear conditions throughout the day.,clear-day,"72505394728,KLGA,F8726,KNYC,F1417,72503014732"
new york,2022-12-15,5.8,0.7,3.3,2.8,-3.2,-0.3,-0.8,74.8,12.674,100,37.5,rain,0,0,50,24.5,57.3,1020.8,68.6,14.1,12.7,1,1,10,2022-12-15T07:13:05,2022-12-15T16:29:25,0.75,"Rain, Partially cloudy",Partly cloudy throughout the day with rain.,rain,"72505394728,KLGA,F8726,KNYC,72503014732"
new york,2022-12-16,6.8,3.5,5.5,3.8,-0.9,1.6,3.9,89.6,20.424,100,95.83,rain,0,0,55.4,30.9,37.5,1004.3,100,8.2,18.9,1.8,1,10,2022-12-16T07:13:46,2022-12-16T16:29:43,0.75,"Rain, Overcast",Cloudy skies throughout the day with a chance of rain throughout the day.,rain,"72505394728,KLGA,F8726,KNYC,F1417,72503014732"
new york,2022-12-17,6.7,3,4.7,3.2,-1,1.1,-2.8,59.9,0,0,0,,0,0,46.4,27.7,276.8,1006.5,71.7,16,64.5,5.5,4,10,2022-12-17T07:14:25,2022-12-17T16:30:03,0.81,Partially cloudy,Partly cloudy throughout the day.,partly-cloudy-day,"72505394728,KLGA,F8726,KNYC,F1417,72503014732"
new york,2022-12-18,4.4,0.8,2.4,0.9,-4.8,-1.4,-6.4,52.7,0,0,0,,0,0,44.6,25.9,277.5,1013.2,39.9,16,86.2,7.5,4,10,2022-12-18T07:15:02,2022-12-18T16:30:26,0.85,Partially cloudy,Partly cloudy throughout the day.,partly-cloudy-day,"72505394728,KLGA,F8726,KNYC,F1417,72503014732"
new york,2022-12-19,3.4,-0.5,1.2,-0.7,-6.4,-3.2,-7.2,53.8,0,0,0,,0,0,46.4,24.1,280.3,1022.5,27.2,16,90.7,7.9,5,10,2022-12-19T07:15:38,2022-12-19T16:30:50,0.88,Partially cloudy,Becoming cloudy in the afternoon.,partly-cloudy-day,"72505394728,KLGA,F8726,KNYC,F1417,72503014732"
new york,2022-12-20,4,-0.5,1.4,1.5,-4.4,-2.2,-7.3,53,0,0,0,,0,0,37.1,17,317.8,1028.7,9.9,16,101.5,8.7,5,10,2022-12-20T07:16:11,2022-12-20T16:31:17,0.91,Clear,Clear conditions throughout the day.,clear-day,"72505394728,KLGA,F8726,KNYC,F1417,72503014732"
new york,2022-12-21,4.4,-2,1.1,4.4,-5.4,0.1,-6.5,57.8,0,0,0,,0,0,16.6,11.2,348.5,1031.8,15.2,16,96.7,8.3,4,10,2022-12-21T07:16:43,2022-12-21T16:31:45,0.94,Clear,Clear conditions throughout the day.,clear-day,"72505394728,KLGA,F8726,KNYC,F1417,72503014732"
new york,2022-12-22,7.4,1.6,4.6,4.3,-1.4,1.6,0.9,78,5.353,100,41.67,rain,0,0,44.9,30.1,59,1024.8,74.1,14.1,17.4,1.5,1,10,2022-12-22T07:17:12,2022-12-22T16:32:16,0.98,"Rain, Partially cloudy",Partly cloudy throughout the day with rain.,rain,"72505394728,KLGA,F8726,KNYC,F1417,72503014732"
new york,2022-12-23,14,-12.8,3.3,14,-22.3,-1,-0.9,75.2,27.998,100,50,"rain,snow",0.3,0,71.8,46.4,222.5,993,89.6,11.8,18.3,1.8,1,10,2022-12-23T07:17:40,2022-12-23T16:32:49,0,"Snow, Rain, Partially cloudy",Partly cloudy throughout the day with a chance of rain or snow throughout the day.,snow,"72505394728,KLGA,F8726,KNYC,F1417,72503014732"
new york,2022-12-24,-9.3,-13.8,-11.6,-15.8,-26,-20.2,-21.2,44.8,0,0,0,,0,0,53.6,40.7,257.1,1008.8,22.8,16,88.2,7.6,4,10,2022-12-24T07:18:05,2022-12-24T16:33:24,0.04,Partially cloudy,Partly cloudy throughout the day.,partly-cloudy-day,"72505394728,KLGA,F8726,KNYC,F1417,72503014732"
new york,2022-12-25,-2.6,-9.8,-6.2,-7.1,-18.9,-12.5,-15.5,48,0,0,0,,0,0,46.4,27.7,251.5,1013.3,10.1,16,99.1,8.6,5,10,2022-12-25T07:18:29,2022-12-25T16:34:01,0.08,Clear,Clear conditions throughout the day.,clear-day,"72505394728,KLGA,F8726,KNYC,F1417,72503014732"
new york,2022-12-26,-1.7,-7.5,-4.3,-5.1,-14.9,-9.6,-14.2,46.4,0,0,0,,0,0,44.6,29.5,271.4,1022.3,26,16,96,8.3,5,10,2022-12-26T07:18:50,2022-12-26T16:34:39,0.11,Partially cloudy,Partly cloudy throughout the day.,partly-cloudy-day,"72505394728,KLGA,F8726,KNYC,F1417,72503014732"
new york,2022-12-27,1.4,-1.7,-0.2,1.1,-6.8,-3.7,-10.6,45.4,0,0,0,,0,0,31.7,16.8,265.2,1024.9,98.1,16,61.5,5.2,4,10,2022-12-27T07:19:09,2022-12-27T16:35:20,0.15,Overcast,Cloudy skies throughout the day.,cloudy,"72505394728,KLGA,F8726,KNYC,F1417,72503014732"
new york,2022-12-28,8.3,1,4.5,7.4,-2.4,2.5,-6,47.2,0,0,0,,0,0,35.3,18.4,228.5,1025.9,34.7,16,95.9,8.3,5,10,2022-12-28T07:19:26,2022-12-28T16:36:02,0.18,Partially cloudy,Partly cloudy throughout the day.,partly-cloudy-day,"72505394728,KLGA,F8726,KNYC,F1417,72503014732"
new york,2022-12-29,10,4.6,7.4,9.2,2,5.4,-3.6,45.8,0,0,0,,0,0,31.7,15.1,230.2,1025.6,18.4,16,84.7,7.3,4,10,2022-12-29T07:19:41,2022-12-29T16:36:47,0.25,Clear,Clear conditions throughout the day.,clear-day,"72505394728,KLGA,F8726,KNYC,F1417,72503014732"
new york,2022-12-30,16.1,8.1,10.8,16.1,6.8,10.4,0.4,49.5,0,0,0,,0,0,20.5,10.8,228.9,1024.4,22.1,15.3,95.3,8.4,4,10,2022-12-30T07:19:53,2022-12-30T16:37:33,0.25,Partially cloudy,Partly cloudy throughout the day.,partly-cloudy-day,"72505394728,KLGA,F8726,KNYC,F1417,72503014732"
new york,2022-12-31,12.7,9.3,10.5,12.7,8.5,10.4,8.6,88.1,6.941,100,41.67,rain,0,0,18.4,9.8,31.9,1015.6,91.5,7.3,14.1,1.1,1,10,2022-12-31T07:20:03,2022-12-31T16:38:20,0.28,"Rain, Overcast",Cloudy skies throughout the day with rain.,rain,"72505394728,KLGA,F8726,KNYC,F1417,72503014732"
